<?xml version="1.0" encoding="UTF-8"?>
<project-private xmlns="http://www.netbeans.org/ns/project-private/1">
    <editor-bookmarks xmlns="http://www.netbeans.org/ns/editor-bookmarks/2" lastBookmarkId="0"/>
    <open-files xmlns="http://www.netbeans.org/ns/projectui-open-files/2">
        <group>
            <file>file:/C:/Users/shaba/OneDrive/Documents/NetBeansProjects/Aust_Health_Care/src/Login2.java</file>
            <file>file:/C:/Users/shaba/OneDrive/Documents/NetBeansProjects/Aust_Health_Care/src/MyConnection.java</file>
            <file>file:/C:/Users/shaba/OneDrive/Documents/NetBeansProjects/Aust_Health_Care/src/Adminlogin.java</file>
            <file>file:/C:/Users/shaba/OneDrive/Documents/NetBeansProjects/Aust_Health_Care/src/Greeting.java</file>
            <file>file:/C:/Users/shaba/OneDrive/Documents/NetBeansProjects/Aust_Health_Care/src/Register.java</file>
            <file>file:/C:/Users/shaba/OneDrive/Documents/NetBeansProjects/Aust_Health_Care/src/decidepage.java</file>
        </group>
    </open-files>
</project-private>
